price,used,milage,transmission,colour,engine_capacity,horsepower,fuel_type,tax,state,year
6940000,1,82040,автоматическая,синий,3.0,249,Дизель,18675,Не требует ремонта,2019
15490000,0,15,автоматическая,чёрный,3.0,381,Бензин,57150,Не требует ремонта,2023
7700000,1,44140,автоматическая,чёрный,2.0,231,Дизель,17325,Не требует ремонта,2021
13990000,0,18,автоматическая,чёрный,3.0,298,Дизель,44700,Не требует ремонта,2023
8990000,1,62000,автоматическая,серый,3.0,249,Дизель,18675,Не требует ремонта,2021
8850000,1,73160,автоматическая,зелёный,3.0,249,Дизель,18675,Не требует ремонта,2021
4499000,1,154500,автоматическая,серый,2.0,231,Дизель,17325,Не требует ремонта,2018
6750000,1,134500,автоматическая,чёрный,3.0,400,Дизель,60000,Не требует ремонта,2019
7890000,1,68477,автоматическая,чёрный,3.0,249,Дизель,18675,Не требует ремонта,2020
3790000,1,168950,автоматическая,серебристый,3.0,249,Дизель,18675,Не требует ремонта,2015
7816000,1,78132,автоматическая,зелёный,3.0,249,Дизель,18675,Не требует ремонта,2020
5890000,1,76000,автоматическая,белый,3.0,265,Дизель,39750,Не требует ремонта,2019
16500000,0,23,автоматическая,синий,3.0,298,Дизель,44700,Не требует ремонта,2023
1760000,1,240000,автоматическая,серый,3.0,235,Дизель,17625,Не требует ремонта,2007
6770000,1,70000,автоматическая,серый,3.0,265,Дизель,39750,Не требует ремонта,2019
14950000,0,15,автоматическая,синий,3.0,298,Дизель,44700,Не требует ремонта,2023
15500000,0,5,автоматическая,серый,3.0,298,Дизель,44700,Не требует ремонта,2023
4090000,1,160000,автоматическая,белый,3.0,249,Дизель,18675,Не требует ремонта,2017
16499999,0,55,автоматическая,чёрный,3.0,352,Дизель,52800,Не требует ремонта,2024
15500000,0,15,автоматическая,пурпурный,3.0,298,Дизель,44700,Не требует ремонта,2023
8990000,1,62000,автоматическая,серый,3.0,249,Дизель,18675,Не требует ремонта,2021
13990000,0,18,автоматическая,чёрный,3.0,298,Дизель,44700,Не требует ремонта,2023
4200000,1,130723,автоматическая,чёрный,3.0,381,Дизель,57150,Не требует ремонта,2016
6777000,1,127358,автоматическая,белый,3.0,400,Дизель,60000,Не требует ремонта,2019
3599000,1,164000,автоматическая,белый,3.0,218,Дизель,14170,Не требует ремонта,2016
6250000,1,96000,автоматическая,чёрный,3.0,265,Дизель,39750,Не требует ремонта,2019
3999000,1,106578,автоматическая,белый,3.0,218,Дизель,14170,Не требует ремонта,2018
15999999,0,55,автоматическая,чёрный,3.0,352,Дизель,52800,Не требует ремонта,2024
6250000,1,102782,автоматическая,синий,3.0,340,Бензин,51000,Не требует ремонта,2020
15999999,0,55,автоматическая,чёрный,3.0,352,Дизель,52800,Не требует ремонта,2024
9787000,1,10936,автоматическая,серый,3.0,340,Бензин,51000,Не требует ремонта,2022
8730000,1,56099,автоматическая,белый,3.0,249,Дизель,18675,Не требует ремонта,2021
1805000,1,273992,автоматическая,чёрный,3.0,272,Бензин,40800,Не требует ремонта,2007
3999000,1,133000,автоматическая,чёрный,3.0,313,Дизель,46950,Не требует ремонта,2017
4195000,1,135157,автоматическая,белый,3.0,313,Дизель,46950,Не требует ремонта,2016
13498000,0,84,автоматическая,чёрный,3.0,298,Дизель,44700,Не требует ремонта,2023
15999999,0,55,автоматическая,серый,3.0,352,Дизель,52800,Не требует ремонта,2024
3655000,1,183779,автоматическая,чёрный,3.0,381,Дизель,57150,Не требует ремонта,2013
2295000,1,165879,автоматическая,белый,3.0,306,Бензин,45900,Не требует ремонта,2013
14000000,0,60,автоматическая,чёрный,3.0,400,Дизель,60000,Не требует ремонта,2022
6799000,1,122100,автоматическая,белый,3.0,249,Дизель,18675,Не требует ремонта,2019
1977000,1,184848,автоматическая,серый,3.0,235,Дизель,17625,Не требует ремонта,2007
1678000,1,184311,автоматическая,белый,3.0,272,Бензин,40800,Не требует ремонта,2010
8730000,1,56099,автоматическая,белый,3.0,249,Дизель,18675,Не требует ремонта,2021
3994000,1,131106,автоматическая,чёрный,3.0,306,Бензин,45900,Не требует ремонта,2017
7200000,1,85668,автоматическая,синий,4.4,462,Бензин,69300,Не требует ремонта,2018
3959000,1,114000,автоматическая,чёрный,3.0,218,Дизель,14170,Не требует ремонта,2017
8960000,1,77799,автоматическая,чёрный,3.0,400,Дизель,60000,Не требует ремонта,2019
17400000,0,30,автоматическая,синий,3.0,298,Дизель,44700,Не требует ремонта,2023
13498000,0,84,автоматическая,чёрный,3.0,298,Дизель,44700,Не требует ремонта,2023
15999999,0,55,автоматическая,серый,3.0,352,Дизель,52800,Не требует ремонта,2024
15500000,0,30,автоматическая,белый,3.0,381,Бензин,57150,Не требует ремонта,2023
7750000,1,67635,автоматическая,серый,3.0,249,Дизель,18675,Не требует ремонта,2019
8577000,1,52000,автоматическая,чёрный,3.0,340,Бензин,51000,Не требует ремонта,2020
7099000,1,86291,автоматическая,белый,3.0,249,Дизель,18675,Не требует ремонта,2019
7650000,1,45029,автоматическая,чёрный,2.0,231,Дизель,17325,Не требует ремонта,2019
4299000,1,127709,автоматическая,чёрный,3.0,218,Дизель,14170,Не требует ремонта,2018
14390000,1,155,автоматическая,серый,3.0,381,Бензин,57150,Не требует ремонта,2023
15500000,0,30,автоматическая,белый,3.0,381,Бензин,57150,Не требует ремонта,2023
4197700,1,94559,автоматическая,серый,3.0,218,Дизель,14170,Не требует ремонта,2017
8274000,1,89544,автоматическая,чёрный,3.0,400,Дизель,60000,Не требует ремонта,2019
11790000,1,123,автоматическая,чёрный,3.0,340,Бензин,51000,Не требует ремонта,2022
6600000,1,105000,автоматическая,серый,3.0,265,Дизель,39750,Не требует ремонта,2020
4197700,1,97949,автоматическая,белый,3.0,249,Дизель,18675,Не требует ремонта,2013
11850000,0,18,автоматическая,чёрный,3.0,298,Дизель,44700,Не требует ремонта,2023
10299000,1,66119,автоматическая,чёрный,3.0,400,Дизель,60000,Не требует ремонта,2020
11749000,1,14478,автоматическая,чёрный,3.0,265,Дизель,39750,Не требует ремонта,2022
1786000,1,237000,автоматическая,чёрный,3.0,231,Дизель,17325,Не требует ремонта,2007
3090000,1,135783,автоматическая,белый,4.4,450,Бензин,67500,Не требует ремонта,2014
3250000,1,92911,автоматическая,коричневый,3.0,306,Бензин,45900,Не требует ремонта,2015
2895000,1,258000,автоматическая,серый,3.0,245,Дизель,18375,Не требует ремонта,2011
4099000,1,123001,автоматическая,чёрный,3.0,218,Дизель,14170,Не требует ремонта,2017
6573000,1,67705,автоматическая,чёрный,2.0,231,Дизель,17325,Не требует ремонта,2020
2690000,1,233403,автоматическая,чёрный,3.0,245,Дизель,18375,Не требует ремонта,2013
8840000,1,28200,автоматическая,чёрный,3.0,286,Дизель,42900,Не требует ремонта,2022
3344000,1,133109,автоматическая,белый,3.0,218,Дизель,14170,Не требует ремонта,2015
4190000,1,146730,автоматическая,синий,3.0,381,Дизель,57150,Не требует ремонта,2016
3790000,1,97995,автоматическая,чёрный,3.0,218,Дизель,14170,Не требует ремонта,2015
7150000,1,29485,автоматическая,синий,3.0,340,Бензин,51000,Не требует ремонта,2020
7899000,1,51300,автоматическая,чёрный,3.0,286,Дизель,42900,Не требует ремонта,2020
10299000,1,66119,автоматическая,чёрный,3.0,400,Дизель,60000,Не требует ремонта,2020
11749000,1,14478,автоматическая,чёрный,3.0,265,Дизель,39750,Не требует ремонта,2022
1786000,1,237000,автоматическая,чёрный,3.0,231,Дизель,17325,Не требует ремонта,2007
3090000,1,135783,автоматическая,белый,4.4,450,Бензин,67500,Не требует ремонта,2014
8600000,1,27000,автоматическая,серый,4.4,530,Бензин,79500,Не требует ремонта,2021
3250000,1,92911,автоматическая,коричневый,3.0,306,Бензин,45900,Не требует ремонта,2015
4099000,1,123001,автоматическая,чёрный,3.0,218,Дизель,14170,Не требует ремонта,2017
6573000,1,67705,автоматическая,чёрный,2.0,231,Дизель,17325,Не требует ремонта,2020
1550000,1,330000,автоматическая,чёрный,3.0,286,Дизель,42900,Не требует ремонта,2009
4300000,1,132000,автоматическая,чёрный,3.0,249,Дизель,18675,Не требует ремонта,2015
2690000,1,233403,автоматическая,чёрный,3.0,245,Дизель,18375,Не требует ремонта,2013
7950000,1,90000,автоматическая,чёрный,3.0,265,Дизель,39750,Не требует ремонта,2019
7300000,1,98000,автоматическая,чёрный,3.0,265,Дизель,39750,Не требует ремонта,2020
3344000,1,133109,автоматическая,белый,3.0,218,Дизель,14170,Не требует ремонта,2015
4190000,1,146730,автоматическая,синий,3.0,381,Дизель,57150,Не требует ремонта,2016
14490000,1,2400,автоматическая,чёрный,3.0,352,Дизель,52800,Не требует ремонта,2023
3790000,1,97995,автоматическая,чёрный,3.0,218,Дизель,14170,Не требует ремонта,2015
7150000,1,29485,автоматическая,синий,3.0,340,Бензин,51000,Не требует ремонта,2020
7900000,1,54000,автоматическая,чёрный,3.0,340,Бензин,51000,Не требует ремонта,2019
5050000,1,114000,автоматическая,серый,3.0,249,Дизель,18675,Не требует ремонта,2018
3988000,1,110353,автоматическая,белый,3.0,218,Дизель,16350,Не требует ремонта,2017
6300000,1,122826,автоматическая,чёрный,3.0,265,Дизель,39750,Не требует ремонта,2019
6690000,1,133713,автоматическая,чёрный,3.0,249,Дизель,18675,Не требует ремонта,2019
3799000,1,124051,автоматическая,белый,3.0,218,Дизель,14170,Не требует ремонта,2014
7899000,1,51300,автоматическая,чёрный,3.0,286,Дизель,42900,Не требует ремонта,2020
8600000,1,27000,автоматическая,серый,4.4,530,Бензин,79500,Не требует ремонта,2021
1550000,1,330000,автоматическая,чёрный,3.0,286,Дизель,42900,Не требует ремонта,2009
4369000,1,118950,автоматическая,чёрный,3.0,249,Дизель,18675,Не требует ремонта,2016
4300000,1,132000,автоматическая,чёрный,3.0,249,Дизель,18675,Не требует ремонта,2015
7950000,1,90000,автоматическая,чёрный,3.0,265,Дизель,39750,Не требует ремонта,2019
7300000,1,98000,автоматическая,чёрный,3.0,265,Дизель,39750,Не требует ремонта,2020
4397000,1,135380,автоматическая,белый,3.0,249,Дизель,18675,Не требует ремонта,2016
14490000,1,2400,автоматическая,чёрный,3.0,352,Дизель,52800,Не требует ремонта,2023
7900000,1,54000,автоматическая,чёрный,3.0,340,Бензин,51000,Не требует ремонта,2019
3945000,1,128837,автоматическая,чёрный,3.0,249,Дизель,18675,Не требует ремонта,2013
12300000,1,18200,автоматическая,серебристый,3.0,381,Бензин,57150,Не требует ремонта,2023
7465000,1,42909,автоматическая,серый,3.0,265,Дизель,39750,Не требует ремонта,2019
4490000,1,136939,автоматическая,чёрный,3.0,313,Дизель,46950,Не требует ремонта,2015
5050000,1,114000,автоматическая,серый,3.0,249,Дизель,18675,Не требует ремонта,2018
4950000,1,84000,автоматическая,чёрный,3.0,258,Дизель,38700,Не требует ремонта,2018
14700000,0,45,автоматическая,белый,3.0,298,Дизель,44700,Не требует ремонта,2023
2897000,1,193161,автоматическая,белый,3.0,245,Дизель,18375,Не требует ремонта,2013
6500000,1,124000,автоматическая,чёрный,3.0,249,Дизель,18675,Не требует ремонта,2018
14000000,0,12,автоматическая,синий,3.0,298,Дизель,44700,Не требует ремонта,2023
10143000,1,16250,автоматическая,белый,3.0,249,Дизель,18675,Не требует ремонта,2021
2359000,1,151565,автоматическая,чёрный,3.0,245,Дизель,18375,Не требует ремонта,2013
1927000,1,257149,автоматическая,серый,3.0,235,Дизель,17625,Не требует ремонта,2008
4800000,1,153300,автоматическая,белый,3.0,313,Дизель,46950,Не требует ремонта,2016
12950000,0,20,автоматическая,синий,3.0,298,Дизель,44700,Не требует ремонта,2023
2830000,1,193215,автоматическая,серый,3.0,306,Бензин,45900,Не требует ремонта,2015
14300000,0,84,автоматическая,белый,3.0,298,Дизель,44700,Не требует ремонта,2023
15950000,0,30,автоматическая,серый,4.4,530,Бензин,79500,Не требует ремонта,2023
1490000,1,456656,автоматическая,синий,3.0,235,Дизель,17625,Не требует ремонта,2007
8754000,1,31874,автоматическая,серый,4.4,530,Бензин,79500,Не требует ремонта,2021
2050000,1,302000,автоматическая,серый,3.0,235,Дизель,17625,Не требует ремонта,2007
7899000,1,51300,автоматическая,чёрный,3.0,286,Дизель,42900,Не требует ремонта,2020
8600000,1,27000,автоматическая,серый,4.4,530,Бензин,79500,Не требует ремонта,2021
1550000,1,330000,автоматическая,чёрный,3.0,286,Дизель,42900,Не требует ремонта,2009
4300000,1,132000,автоматическая,чёрный,3.0,249,Дизель,18675,Не требует ремонта,2015
15950000,0,17,автоматическая,чёрный,4.4,530,Бензин,79500,Не требует ремонта,2023
7950000,1,90000,автоматическая,чёрный,3.0,265,Дизель,39750,Не требует ремонта,2019
3099000,1,129594,автоматическая,белый,3.0,306,Бензин,45900,Не требует ремонта,2016
7300000,1,98000,автоматическая,чёрный,3.0,265,Дизель,39750,Не требует ремонта,2020
1798000,1,243725,автоматическая,коричневый,3.0,306,Бензин,45900,Не требует ремонта,2013
5030000,1,93746,автоматическая,чёрный,3.0,313,Дизель,46950,Не требует ремонта,2016
9290000,1,42310,автоматическая,чёрный,3.0,400,Дизель,60000,Не требует ремонта,2020
1420000,1,161846,автоматическая,белый,4.4,407,Бензин,61050,Не требует ремонта,2012
6197000,1,80304,автоматическая,чёрный,3.0,249,Дизель,18675,Не требует ремонта,2019
6428000,1,122742,автоматическая,синий,3.0,249,Дизель,18675,Не требует ремонта,2019
1779000,1,197512,автоматическая,коричневый,3.0,269,Дизель,40350,Не требует ремонта,2010
1748000,1,324378,автоматическая,чёрный,3.0,286,Дизель,42900,Не требует ремонта,2009
10143000,1,16250,автоматическая,белый,3.0,249,Дизель,18675,Не требует ремонта,2021
3050000,1,230000,автоматическая,чёрный,3.0,218,Дизель,14170,Не требует ремонта,2015
17100000,0,45,автоматическая,чёрный,3.0,298,Дизель,44700,Не требует ремонта,2023
2359000,1,151565,автоматическая,чёрный,3.0,245,Дизель,18375,Не требует ремонта,2013
1927000,1,257149,автоматическая,серый,3.0,235,Дизель,17625,Не требует ремонта,2008
4800000,1,153300,автоматическая,белый,3.0,313,Дизель,46950,Не требует ремонта,2016
1000000,1,460000,автоматическая,чёрный,3.0,218,Дизель,14170,Не требует ремонта,2005
2830000,1,193215,автоматическая,серый,3.0,306,Бензин,45900,Не требует ремонта,2015
14300000,0,84,автоматическая,белый,3.0,298,Дизель,44700,Не требует ремонта,2023
5250000,1,71000,автоматическая,белый,3.0,249,Дизель,18675,Не требует ремонта,2016
15950000,0,30,автоматическая,серый,4.4,530,Бензин,79500,Не требует ремонта,2023
1490000,1,456656,автоматическая,синий,3.0,235,Дизель,17625,Не требует ремонта,2007
8999000,1,16459,автоматическая,белый,3.0,265,Дизель,39750,Не требует ремонта,2020
8754000,1,31874,автоматическая,серый,4.4,530,Бензин,79500,Не требует ремонта,2021
2359000,1,151565,автоматическая,чёрный,3.0,245,Дизель,18375,Не требует ремонта,2013
1927000,1,257149,автоматическая,серый,3.0,235,Дизель,17625,Не требует ремонта,2008
3500000,1,149000,автоматическая,чёрный,3.0,381,Дизель,57150,Не требует ремонта,2014
4800000,1,153300,автоматическая,белый,3.0,313,Дизель,46950,Не требует ремонта,2016
2830000,1,193215,автоматическая,серый,3.0,306,Бензин,45900,Не требует ремонта,2015
1600000,1,193000,автоматическая,белый,3.0,306,Бензин,45900,Не требует ремонта,2010
14300000,0,84,автоматическая,белый,3.0,298,Дизель,44700,Не требует ремонта,2023
15950000,0,30,автоматическая,серый,4.4,530,Бензин,79500,Не требует ремонта,2023
1870000,1,100800,автоматическая,белый,4.4,407,Бензин,61050,Не требует ремонта,2013
1490000,1,456656,автоматическая,синий,3.0,235,Дизель,17625,Не требует ремонта,2007
8754000,1,31874,автоматическая,серый,4.4,530,Бензин,79500,Не требует ремонта,2021
15950000,0,17,автоматическая,чёрный,4.4,530,Бензин,79500,Не требует ремонта,2023
3099000,1,129594,автоматическая,белый,3.0,306,Бензин,45900,Не требует ремонта,2016
1798000,1,243725,автоматическая,коричневый,3.0,306,Бензин,45900,Не требует ремонта,2013
12300000,1,10000,автоматическая,синий,3.0,298,Дизель,44700,Не требует ремонта,2023
3950000,1,119764,автоматическая,чёрный,3.0,313,Дизель,46950,Не требует ремонта,2017
6480000,1,85090,автоматическая,чёрный,3.0,340,Бензин,51000,Не требует ремонта,2020
2009900,1,152671,автоматическая,чёрный,3.0,306,Бензин,45900,Не требует ремонта,2011
8129900,1,11988,автоматическая,чёрный,3.0,340,Бензин,51000,Не требует ремонта,2022
5948000,1,125112,автоматическая,белый,3.0,265,Дизель,39750,Не требует ремонта,2019
4199000,1,99115,автоматическая,чёрный,3.0,218,Дизель,14170,Не требует ремонта,2017
11290000,1,12168,автоматическая,серый,3.0,286,Дизель,42900,Не требует ремонта,2022
13690000,0,19,автоматическая,белый,3.0,298,Дизель,44700,Не требует ремонта,2023
2280000,1,219649,автоматическая,чёрный,3.0,306,Дизель,45900,Не требует ремонта,2011
7950000,1,40723,автоматическая,чёрный,3.0,286,Дизель,42900,Не требует ремонта,2021
3850000,1,86100,автоматическая,чёрный,3.0,306,Бензин,45900,Не требует ремонта,2016
2250000,1,140553,автоматическая,чёрный,3.0,306,Бензин,45900,Не требует ремонта,2010
8117000,1,61920,автоматическая,чёрный,3.0,400,Дизель,60000,Не требует ремонта,2020
5039900,1,123994,автоматическая,чёрный,3.0,249,Дизель,18675,Не требует ремонта,2018
3490000,1,140016,автоматическая,серебристый,3.0,306,Бензин,45900,Не требует ремонта,2015
6199000,1,83854,автоматическая,синий,3.0,249,Дизель,18675,Не требует ремонта,2019
6000000,1,186000,автоматическая,белый,3.0,400,Дизель,60000,Не требует ремонта,2019
1500000,1,245000,автоматическая,коричневый,3.0,306,Бензин,45900,Не требует ремонта,2010
15990000,0,50,автоматическая,чёрный,3.0,298,Дизель,44700,Не требует ремонта,2023
14400000,0,1,автоматическая,чёрный,3.0,298,Дизель,44700,Не требует ремонта,2023
12400000,0,30,автоматическая,белый,3.0,298,Дизель,44700,Не требует ремонта,2023
2430000,1,237000,автоматическая,серый,3.0,245,Дизель,18375,Не требует ремонта,2011
3800000,1,241500,автоматическая,серый,3.0,249,Дизель,18675,Не требует ремонта,2014
3199000,1,133000,автоматическая,серый,3.0,306,Бензин,45900,Не требует ремонта,2016
3500000,1,149000,автоматическая,чёрный,3.0,381,Дизель,57150,Не требует ремонта,2014
11060000,1,15232,автоматическая,чёрный,3.0,400,Дизель,60000,Не требует ремонта,2022
7140000,1,81459,автоматическая,белый,3.0,340,Бензин,51000,Не требует ремонта,2021
3750000,1,133857,автоматическая,коричневый,3.0,306,Бензин,45900,Не требует ремонта,2015
15500000,0,65,автоматическая,белый,3.0,298,Дизель,44700,Не требует ремонта,2023
4450900,1,83204,автоматическая,чёрный,3.0,249,Дизель,18675,Не требует ремонта,2015
8400000,1,34557,автоматическая,чёрный,3.0,340,Бензин,51000,Не требует ремонта,2021
1600000,1,193000,автоматическая,белый,3.0,306,Бензин,45900,Не требует ремонта,2010
7074000,1,75723,автоматическая,чёрный,3.0,340,Дизель,51000,Не требует ремонта,2020
4200000,1,134015,автоматическая,синий,3.0,249,Дизель,18675,Не требует ремонта,2016
7899000,1,47000,автоматическая,синий,3.0,340,Бензин,51000,Не требует ремонта,2021
1870000,1,100800,автоматическая,белый,4.4,407,Бензин,61050,Не требует ремонта,2013
4799000,1,148576,автоматическая,белый,3.0,381,Дизель,57150,Не требует ремонта,2016
4035000,1,145613,автоматическая,чёрный,3.0,249,Дизель,18675,Не требует ремонта,2016
8199000,1,45636,автоматическая,белый,3.0,340,Бензин,51000,Не требует ремонта,2021
6725000,1,88585,автоматическая,белый,2.0,231,Дизель,17325,Не требует ремонта,2019
9499000,1,40000,автоматическая,чёрный,3.0,340,Дизель,51000,Не требует ремонта,2021
3790000,1,199000,автоматическая,белый,2.0,218,Дизель,14170,Не требует ремонта,2014
6725000,1,88585,автоматическая,белый,2.0,231,Дизель,17325,Не требует ремонта,2019
8799000,1,49743,автоматическая,белый,3.0,340,Дизель,51000,Не требует ремонта,2020
9499000,1,40000,автоматическая,чёрный,3.0,340,Дизель,51000,Не требует ремонта,2021
8199000,1,63747,автоматическая,серый,3.0,249,Дизель,18675,Не требует ремонта,2021
6790000,1,99391,автоматическая,белый,3.0,249,Дизель,18675,Не требует ремонта,2018
14700000,0,53,автоматическая,серый,3.0,298,Дизель,44700,Не требует ремонта,2023
13899000,1,316,автоматическая,серый,3.0,381,Бензин,57150,Не требует ремонта,2023
5800000,1,160000,автоматическая,чёрный,3.0,249,Дизель,18675,Не требует ремонта,2019
2100000,1,200000,автоматическая,коричневый,3.0,306,Бензин,45900,Не требует ремонта,2013
8990000,1,64977,автоматическая,чёрный,3.0,249,Дизель,18675,Не требует ремонта,2021
6889000,1,55000,автоматическая,синий,3.0,249,Дизель,18675,Не требует ремонта,2019
6500000,1,64000,автоматическая,зелёный,2.0,231,Дизель,17325,Не требует ремонта,2020
6985000,1,78261,автоматическая,серый,3.0,249,Дизель,18675,Не требует ремонта,2019
10950000,1,27139,автоматическая,белый,4.4,530,Бензин,79500,Не требует ремонта,2020
2270000,1,177420,автоматическая,чёрный,4.4,320,Бензин,48000,Не требует ремонта,2006
8700000,1,43000,автоматическая,серый,3.0,286,Дизель,42900,Не требует ремонта,2021
8490000,1,68798,автоматическая,чёрный,3.0,249,Дизель,18675,Не требует ремонта,2020
6200000,1,73333,автоматическая,серый,3.0,381,Дизель,57150,Не требует ремонта,2017
10990000,1,56000,автоматическая,серый,3.0,400,Дизель,60000,Не требует ремонта,2022
11900000,0,45,автоматическая,чёрный,3.0,340,Бензин,51000,Не требует ремонта,2022
4949800,1,110000,автоматическая,синий,3.0,218,Дизель,14170,Не требует ремонта,2017
11400000,1,37988,автоматическая,синий,3.0,249,Дизель,18675,Не требует ремонта,2021
5935000,1,146694,автоматическая,чёрный,2.0,231,Дизель,17325,Не требует ремонта,2020
8445000,1,43710,автоматическая,белый,3.0,249,Дизель,18675,Не требует ремонта,2020
1710000,1,242500,автоматическая,коричневый,3.0,306,Бензин,45900,Не требует ремонта,2010
6450000,1,63000,автоматическая,белый,3.0,265,Дизель,39750,Не требует ремонта,2019
8190000,1,40838,автоматическая,чёрный,3.0,249,Дизель,18675,Не требует ремонта,2020
8850000,1,24816,автоматическая,зелёный,3.0,249,Дизель,18675,Не требует ремонта,2021
7795000,1,120000,автоматическая,чёрный,3.0,400,Дизель,60000,Не требует ремонта,2019
7650000,1,44038,автоматическая,чёрный,2.0,231,Дизель,17325,Не требует ремонта,2021
6800000,1,94500,автоматическая,серый,3.0,400,Дизель,60000,Не требует ремонта,2018
6415000,1,58008,автоматическая,чёрный,3.0,340,Бензин,51000,Не требует ремонта,2019
5935000,1,146694,автоматическая,чёрный,2.0,231,Дизель,17325,Не требует ремонта,2020
8445000,1,43710,автоматическая,белый,3.0,249,Дизель,18675,Не требует ремонта,2020
1800000,1,280000,автоматическая,золотистый,3.0,306,Бензин,45900,Не требует ремонта,2011
1450000,1,280000,автоматическая,чёрный,3.0,272,Бензин,40800,Не требует ремонта,2009
6450000,1,63000,автоматическая,белый,3.0,265,Дизель,39750,Не требует ремонта,2019
8190000,1,40838,автоматическая,чёрный,3.0,249,Дизель,18675,Не требует ремонта,2020
8850000,1,24816,автоматическая,зелёный,3.0,249,Дизель,18675,Не требует ремонта,2021
7795000,1,120000,автоматическая,чёрный,3.0,400,Дизель,60000,Не требует ремонта,2019
7650000,1,44038,автоматическая,чёрный,2.0,231,Дизель,17325,Не требует ремонта,2021
9150000,1,39843,автоматическая,чёрный,3.0,340,Бензин,51000,Не требует ремонта,2021
2105000,1,282000,автоматическая,чёрный,3.0,245,Дизель,18375,Не требует ремонта,2011
2999000,1,151400,автоматическая,чёрный,3.0,245,Дизель,18375,Не требует ремонта,2012
9349000,1,30000,автоматическая,чёрный,3.0,249,Дизель,18675,Не требует ремонта,2021
1350000,1,234497,автоматическая,чёрный,4.8,355,Бензин,53250,Не требует ремонта,2007
2250000,1,147747,автоматическая,синий,3.0,306,Бензин,45900,Не требует ремонта,2013
1230000,1,271327,автоматическая,чёрный,3.0,218,Дизель,14170,Не требует ремонта,2004
6775000,1,103180,автоматическая,чёрный,3.0,340,Бензин,51000,Не требует ремонта,2020
7195000,1,53792,автоматическая,чёрный,3.0,249,Дизель,18675,Не требует ремонта,2019
7750000,1,45111,автоматическая,чёрный,2.0,231,Дизель,17325,Не требует ремонта,2021
8990000,1,44252,автоматическая,серый,3.0,340,Бензин,51000,Не требует ремонта,2021
6335000,1,98000,автоматическая,чёрный,2.0,231,Дизель,17325,Не требует ремонта,2021
7365000,1,81071,автоматическая,синий,2.0,231,Дизель,17325,Не требует ремонта,2021
4499000,1,71000,автоматическая,серый,3.0,306,Бензин,45900,Не требует ремонта,2017
3600000,1,140000,автоматическая,серебристый,3.0,306,Бензин,45900,Не требует ремонта,2017
9145000,1,92231,автоматическая,чёрный,3.0,400,Дизель,60000,Не требует ремонта,2020
6850000,1,158000,автоматическая,синий,3.0,265,Дизель,39750,Не требует ремонта,2019
8295000,1,61918,автоматическая,белый,3.0,249,Дизель,18675,Не требует ремонта,2020
6275000,1,127385,автоматическая,белый,3.0,340,Бензин,51000,Не требует ремонта,2019
10500000,1,31500,автоматическая,чёрный,3.0,340,Дизель,51000,Не требует ремонта,2022
7570000,1,91714,автоматическая,белый,3.0,249,Дизель,18675,Не требует ремонта,2019
1850000,1,183000,автоматическая,белый,3.0,306,Бензин,45900,Не требует ремонта,2012
7499000,1,89233,автоматическая,серебристый,3.0,249,Дизель,18675,Не требует ремонта,2020
3760000,1,80872,автоматическая,чёрный,3.0,306,Бензин,45900,Не требует ремонта,2014
3685000,1,147213,автоматическая,коричневый,3.0,306,Бензин,45900,Не требует ремонта,2016
11210000,1,20898,автоматическая,синий,3.0,340,Дизель,51000,Не требует ремонта,2022
10500000,1,31500,автоматическая,чёрный,3.0,340,Дизель,51000,Не требует ремонта,2022
7970000,1,32965,автоматическая,синий,3.0,265,Дизель,39750,Не требует ремонта,2019
9975000,1,49000,автоматическая,чёрный,3.0,340,Дизель,51000,Не требует ремонта,2021
7670000,1,58133,автоматическая,чёрный,3.0,249,Дизель,18675,Не требует ремонта,2020
3300000,1,194000,автоматическая,чёрный,3.0,306,Бензин,45900,Не требует ремонта,2014
6849000,1,75000,автоматическая,чёрный,3.0,286,Дизель,42900,Не требует ремонта,2020
14450000,0,10,автоматическая,чёрный,3.0,298,Дизель,44700,Не требует ремонта,2023
6870070,1,62000,автоматическая,чёрный,2.0,231,Дизель,17325,Не требует ремонта,2020
6450000,1,78000,автоматическая,синий,2.0,231,Дизель,17325,Не требует ремонта,2020
14400000,0,20,автоматическая,серый,3.0,381,Бензин,57150,Не требует ремонта,2023
1900000,1,220000,автоматическая,чёрный,3.0,235,Дизель,17625,Не требует ремонта,2008
4040000,1,120120,автоматическая,белый,3.0,218,Дизель,14170,Не требует ремонта,2017
1950000,1,190000,автоматическая,серый,3.0,306,Бензин,45900,Не требует ремонта,2011
10225000,1,24800,автоматическая,белый,3.0,400,Дизель,60000,Не требует ремонта,2020
6950000,1,29500,автоматическая,серый,3.0,340,Бензин,51000,Не требует ремонта,2019
6200000,1,55670,автоматическая,синий,2.0,231,Дизель,17325,Не требует ремонта,2019
6700000,1,97631,автоматическая,чёрный,3.0,265,Дизель,39750,Не требует ремонта,2019
5750000,1,111000,автоматическая,чёрный,2.0,231,Дизель,17325,Не требует ремонта,2020
3700000,1,124873,автоматическая,коричневый,3.0,306,Бензин,45900,Не требует ремонта,2017
1499000,1,216000,автоматическая,чёрный,3.0,264,Бензин,39600,Не требует ремонта,2007
6499000,1,74607,автоматическая,белый,3.0,265,Дизель,39750,Не требует ремонта,2019
6600000,1,123000,автоматическая,чёрный,3.0,249,Дизель,18675,Не требует ремонта,2018
9725000,1,57500,автоматическая,белый,3.0,400,Дизель,60000,Не требует ремонта,2020
9250000,1,61300,автоматическая,серый,3.0,400,Дизель,60000,Не требует ремонта,2019
5100000,1,104800,автоматическая,чёрный,3.0,313,Дизель,46950,Не требует ремонта,2016
13750000,1,100,автоматическая,чёрный,3.0,298,Дизель,44700,Не требует ремонта,2023
4600000,1,106000,автоматическая,чёрный,3.0,218,Дизель,14170,Не требует ремонта,2018
9725000,1,57500,автоматическая,белый,3.0,400,Дизель,60000,Не требует ремонта,2020
4040000,1,120120,автоматическая,белый,3.0,218,Дизель,14170,Не требует ремонта,2017
1950000,1,190000,автоматическая,серый,3.0,306,Бензин,45900,Не требует ремонта,2011
10225000,1,24800,автоматическая,белый,3.0,400,Дизель,60000,Не требует ремонта,2020
6950000,1,29500,автоматическая,серый,3.0,340,Бензин,51000,Не требует ремонта,2019
6200000,1,55670,автоматическая,синий,2.0,231,Дизель,17325,Не требует ремонта,2019
6700000,1,97631,автоматическая,чёрный,3.0,265,Дизель,39750,Не требует ремонта,2019
1350000,1,335000,автоматическая,чёрный,3.0,218,Дизель,14170,Не требует ремонта,2005
5750000,1,111000,автоматическая,чёрный,2.0,231,Дизель,17325,Не требует ремонта,2020
3700000,1,124873,автоматическая,коричневый,3.0,306,Бензин,45900,Не требует ремонта,2017
1499000,1,216000,автоматическая,чёрный,3.0,264,Бензин,39600,Не требует ремонта,2007
6600000,1,130000,автоматическая,чёрный,3.0,249,Дизель,18675,Не требует ремонта,2019
1600000,1,300000,автоматическая,серый,3.0,286,Дизель,42900,Не требует ремонта,2008
6499000,1,74607,автоматическая,белый,3.0,265,Дизель,39750,Не требует ремонта,2019
2500000,1,203405,автоматическая,чёрный,3.0,306,Бензин,45900,Не требует ремонта,2010
6600000,1,123000,автоматическая,чёрный,3.0,249,Дизель,18675,Не требует ремонта,2018
4600000,1,106000,автоматическая,белый,3.0,218,Дизель,14170,Не требует ремонта,2018
2650000,1,150399,автоматическая,белый,3.0,306,Бензин,45900,Не требует ремонта,2013
2200000,1,316000,автоматическая,чёрный,3.0,286,Дизель,42900,Не требует ремонта,2008
3500000,1,195000,автоматическая,белый,3.0,218,Дизель,14170,Не требует ремонта,2016
2100000,1,258000,автоматическая,серый,3.0,245,Дизель,18375,Не требует ремонта,2012
9725000,1,57500,автоматическая,белый,3.0,400,Дизель,60000,Не требует ремонта,2020
9250000,1,61300,автоматическая,серый,3.0,400,Дизель,60000,Не требует ремонта,2019
5100000,1,104800,автоматическая,чёрный,3.0,313,Дизель,46950,Не требует ремонта,2016
1850000,1,315000,автоматическая,серый,3.0,306,Бензин,45900,Не требует ремонта,2011
13750000,1,100,автоматическая,чёрный,3.0,298,Дизель,44700,Не требует ремонта,2023
4600000,1,106000,автоматическая,чёрный,3.0,218,Дизель,14170,Не требует ремонта,2018
9725000,1,57500,автоматическая,белый,3.0,400,Дизель,60000,Не требует ремонта,2020
1730000,1,208000,автоматическая,зелёный,3.0,235,Дизель,17625,Не требует ремонта,2007
1800000,1,240000,автоматическая,серый,3.0,272,Бензин,40800,Не требует ремонта,2007
4150000,1,178900,автоматическая,чёрный,3.0,218,Дизель,14170,Не требует ремонта,2017
1999999,1,235000,автоматическая,белый,3.0,306,Бензин,45900,Не требует ремонта,2010
5490000,1,73500,автоматическая,серый,3.0,381,Дизель,57150,Не требует ремонта,2017
4350000,1,156000,автоматическая,белый,3.0,313,Дизель,46950,Не требует ремонта,2016
3990000,1,116700,автоматическая,синий,3.0,306,Бензин,45900,Не требует ремонта,2016
3900000,1,156658,автоматическая,чёрный,3.0,218,Дизель,14170,Не требует ремонта,2017
3850000,1,94000,автоматическая,серый,3.0,306,Бензин,45900,Не требует ремонта,2015
2400000,1,155000,автоматическая,белый,3.0,306,Дизель,45900,Не требует ремонта,2011
8200000,1,45000,автоматическая,чёрный,3.0,249,Дизель,18675,Не требует ремонта,2020
4500000,1,260000,автоматическая,чёрный,3.0,313,Дизель,46950,Не требует ремонта,2017
5599000,1,59156,автоматическая,чёрный,3.0,313,Дизель,46950,Не требует ремонта,2018
4800000,1,114000,автоматическая,синий,3.0,313,Дизель,46950,Не требует ремонта,2018
7950000,1,51700,автоматическая,белый,3.0,249,Дизель,18675,Не требует ремонта,2020
2950000,1,157886,автоматическая,коричневый,3.0,245,Дизель,18375,Не требует ремонта,2012
4290000,1,94000,автоматическая,белый,3.0,218,Дизель,14170,Не требует ремонта,2017
2250000,1,191000,автоматическая,синий,4.8,355,Бензин,53250,Не требует ремонта,2007
3900000,1,107000,автоматическая,чёрный,3.0,306,Бензин,45900,Не требует ремонта,2015
4900000,1,152000,автоматическая,чёрный,3.0,313,Дизель,46950,Не требует ремонта,2018
4200000,1,121000,автоматическая,чёрный,3.0,313,Дизель,46950,Не требует ремонта,2014
7890000,1,127000,автоматическая,чёрный,3.0,249,Дизель,18675,Не требует ремонта,2020
8499999,1,40000,автоматическая,чёрный,3.0,340,Бензин,51000,Не требует ремонта,2021
3319000,1,183000,автоматическая,чёрный,3.0,249,Дизель,18675,Не требует ремонта,2014
1130000,1,272000,автоматическая,чёрный,4.4,320,Бензин,48000,Не требует ремонта,2006
3500000,1,242000,автоматическая,чёрный,3.0,249,Дизель,18675,Не требует ремонта,2015
3850000,1,160900,автоматическая,чёрный,3.0,249,Дизель,18675,Не требует ремонта,2014
6280000,1,93000,автоматическая,чёрный,3.0,340,Бензин,51000,Не требует ремонта,2019
2399000,1,308000,автоматическая,белый,3.0,245,Дизель,18375,Не требует ремонта,2010
6200000,1,148000,автоматическая,серый,3.0,265,Дизель,39750,Не требует ремонта,2018
5000000,1,65500,автоматическая,белый,3.0,313,Дизель,46950,Не требует ремонта,2016
6200000,1,148000,автоматическая,серый,3.0,265,Дизель,39750,Не требует ремонта,2018
4300000,1,170000,автоматическая,чёрный,3.0,313,Дизель,46950,Не требует ремонта,2015
4600000,1,88000,автоматическая,серый,3.0,313,Дизель,46950,Не требует ремонта,2015
8750000,1,42000,автоматическая,чёрный,3.0,249,Дизель,18675,Не требует ремонта,2021
7350000,1,78600,автоматическая,чёрный,3.0,340,Бензин,51000,Не требует ремонта,2020
1150000,1,253000,автоматическая,серебристый,3.0,231,Бензин,17325,Не требует ремонта,2003
6000000,1,95000,автоматическая,белый,3.0,340,Бензин,51000,Не требует ремонта,2018
8480000,1,58650,автоматическая,синий,3.0,249,Дизель,18675,Не требует ремонта,2020
3720000,1,248000,автоматическая,чёрный,3.0,258,Дизель,38700,Не требует ремонта,2015
2099000,1,243000,автоматическая,чёрный,3.0,286,Дизель,42900,Не требует ремонта,2009
2500000,1,100868,автоматическая,серый,3.0,272,Бензин,40800,Не требует ремонта,2010
1950000,1,335268,автоматическая,синий,4.8,360,Бензин,54000,Не требует ремонта,2004
8050000,1,91000,автоматическая,чёрный,3.0,249,Дизель,18675,Не требует ремонта,2020
8500000,1,72000,автоматическая,синий,3.0,249,Дизель,18675,Не требует ремонта,2021
7490000,1,98000,автоматическая,чёрный,3.0,249,Дизель,18675,Не требует ремонта,2020
8300000,1,81000,автоматическая,чёрный,3.0,265,Дизель,39750,Не требует ремонта,2020
8190000,1,58900,автоматическая,чёрный,3.0,249,Дизель,18675,Не требует ремонта,2020
9000000,1,28533,автоматическая,чёрный,3.0,340,Бензин,51000,Не требует ремонта,2021
9250000,1,16600,автоматическая,чёрный,3.0,340,Бензин,51000,Не требует ремонта,2021
7499999,1,85000,автоматическая,синий,3.0,265,Дизель,39750,Не требует ремонта,2019
7800000,1,119586,автоматическая,чёрный,3.0,400,Дизель,60000,Не требует ремонта,2019
745000,1,321000,автоматическая,чёрный,3.0,231,Бензин,17325,Не требует ремонта,2001
4500000,1,85000,автоматическая,серый,3.0,249,Дизель,18675,Не требует ремонта,2014
7200000,1,54850,автоматическая,чёрный,2.0,231,Дизель,17325,Не требует ремонта,2020
8700000,1,54000,автоматическая,коричневый,3.0,249,Дизель,18675,Не требует ремонта,2021
5250000,1,83500,автоматическая,синий,3.0,249,Дизель,18675,Не требует ремонта,2017
5300000,1,157000,автоматическая,чёрный,3.0,313,Дизель,46950,Не требует ремонта,2018
1100000,1,278000,автоматическая,белый,3.0,231,Бензин,17325,Не требует ремонта,2004
7700000,1,98000,автоматическая,серый,3.0,249,Дизель,18675,Не требует ремонта,2020
8500000,1,90000,автоматическая,чёрный,3.0,400,Дизель,60000,Не требует ремонта,2018
8200000,1,45000,автоматическая,чёрный,3.0,249,Дизель,18675,Не требует ремонта,2020
4500000,1,260000,автоматическая,чёрный,3.0,313,Дизель,46950,Не требует ремонта,2017
4200000,1,72000,автоматическая,белый,3.0,306,Бензин,45900,Не требует ремонта,2015
5599000,1,59156,автоматическая,чёрный,3.0,313,Дизель,46950,Не требует ремонта,2018
4800000,1,114000,автоматическая,синий,3.0,313,Дизель,46950,Не требует ремонта,2018
7950000,1,51700,автоматическая,белый,3.0,249,Дизель,18675,Не требует ремонта,2020
7040000,1,58900,автоматическая,чёрный,3.0,265,Дизель,39750,Не требует ремонта,2019
1050000,1,369000,автоматическая,серый,3.0,231,Бензин,17325,Не требует ремонта,2003
4290000,1,94000,автоматическая,белый,3.0,218,Дизель,14170,Не требует ремонта,2017
2250000,1,191000,автоматическая,синий,4.8,355,Бензин,53250,Не требует ремонта,2007
7800000,1,98400,автоматическая,синий,3.0,400,Дизель,60000,Не требует ремонта,2019
1950000,1,242000,автоматическая,чёрный,3.0,235,Дизель,17625,Не требует ремонта,2008
3900000,1,107000,автоматическая,чёрный,3.0,306,Бензин,45900,Не требует ремонта,2015
4800000,1,140000,автоматическая,чёрный,3.0,381,Дизель,57150,Не требует ремонта,2016
3700000,1,171200,автоматическая,чёрный,3.0,218,Дизель,14170,Не требует ремонта,2016
4200000,1,121000,автоматическая,чёрный,3.0,313,Дизель,46950,Не требует ремонта,2014
2345000,1,277000,автоматическая,серый,3.0,245,Дизель,18375,Не требует ремонта,2011
6500000,1,137000,автоматическая,чёрный,3.0,249,Дизель,18675,Не требует ремонта,2019
8499999,1,40000,автоматическая,чёрный,3.0,340,Бензин,51000,Не требует ремонта,2021
1130000,1,272000,автоматическая,чёрный,4.4,320,Бензин,48000,Не требует ремонта,2006
3500000,1,242000,автоматическая,чёрный,3.0,249,Дизель,18675,Не требует ремонта,2015
2700000,1,220000,автоматическая,чёрный,3.0,286,Дизель,42900,Не требует ремонта,2008
3850000,1,160900,автоматическая,чёрный,3.0,249,Дизель,18675,Не требует ремонта,2014
6280000,1,93000,автоматическая,чёрный,3.0,340,Бензин,51000,Не требует ремонта,2019
5800000,1,84800,автоматическая,чёрный,3.0,313,Дизель,46950,Не требует ремонта,2018
8650000,1,69000,автоматическая,серый,3.0,400,Дизель,60000,Не требует ремонта,2020
9650000,1,73759,автоматическая,чёрный,3.0,340,Дизель,51000,Не требует ремонта,2020
11999999,1,13000,автоматическая,чёрный,3.0,340,Бензин,51000,Не требует ремонта,2022
8400000,1,63000,автоматическая,серый,3.0,265,Дизель,39750,Не требует ремонта,2020
13700000,1,200,автоматическая,белый,3.0,286,Дизель,42900,Не требует ремонта,2022
11490000,1,20825,автоматическая,серый,3.0,249,Дизель,18675,Не требует ремонта,2022
7200000,1,114500,автоматическая,белый,3.0,249,Дизель,18675,Не требует ремонта,2019
13500000,1,27000,автоматическая,серый,3.0,400,Дизель,60000,Не требует ремонта,2021
7200000,1,90000,автоматическая,синий,3.0,340,Бензин,51000,Не требует ремонта,2019
9150000,1,65000,автоматическая,белый,3.0,249,Дизель,18675,Не требует ремонта,2021
13500000,1,22000,автоматическая,чёрный,3.0,400,Дизель,60000,Не требует ремонта,2020
9390000,1,94974,автоматическая,белый,3.0,400,Дизель,60000,Не требует ремонта,2020
11900000,1,17000,автоматическая,серый,3.0,340,Дизель,51000,Не требует ремонта,2022
10500000,1,39000,автоматическая,белый,3.0,249,Дизель,18675,Не требует ремонта,2021
1499000,1,216000,автоматическая,чёрный,3.0,264,Бензин,39600,Не требует ремонта,2007
3700000,1,124873,автоматическая,коричневый,3.0,306,Бензин,45900,Не требует ремонта,2017
2650000,1,278000,автоматическая,чёрный,3.0,245,Дизель,18375,Не требует ремонта,2012
3300000,1,194000,автоматическая,чёрный,3.0,306,Бензин,45900,Не требует ремонта,2014
4350000,1,156000,автоматическая,белый,3.0,313,Дизель,46950,Не требует ремонта,2016
8850000,1,103000,автоматическая,чёрный,3.0,249,Дизель,18675,Не требует ремонта,2019
4800000,1,151000,автоматическая,белый,3.0,381,Дизель,57150,Не требует ремонта,2015
1870000,1,100800,автоматическая,белый,4.4,407,Бензин,61050,Не требует ремонта,2013
2450000,1,205000,автоматическая,чёрный,3.0,245,Дизель,18375,Не требует ремонта,2012
1130000,1,272000,автоматическая,чёрный,4.4,320,Бензин,48000,Не требует ремонта,2006
5300000,1,121000,автоматическая,серый,3.0,249,Дизель,18675,Не требует ремонта,2018
1800000,1,288000,автоматическая,чёрный,4.4,407,Бензин,61050,Не требует ремонта,2011
5500000,1,157000,автоматическая,серый,3.0,313,Дизель,46950,Не требует ремонта,2017
2950000,1,157886,автоматическая,коричневый,3.0,245,Дизель,18375,Не требует ремонта,2012
2000000,1,228000,автоматическая,белый,3.0,231,Бензин,17325,Не требует ремонта,2005
3700000,1,171200,автоматическая,чёрный,3.0,218,Дизель,14170,Не требует ремонта,2016
10500000,1,39000,автоматическая,белый,3.0,249,Дизель,18675,Не требует ремонта,2021
3450000,1,298000,автоматическая,чёрный,3.0,249,Дизель,18675,Не требует ремонта,2015
4600000,1,88000,автоматическая,серый,3.0,313,Дизель,46950,Не требует ремонта,2015
8500000,1,37000,автоматическая,серый,3.0,340,Бензин,51000,Не требует ремонта,2020
650000,1,148000,автоматическая,серый,4.4,286,Бензин,42900,Не требует ремонта,1999
3500000,1,195000,автоматическая,белый,3.0,218,Дизель,14170,Не требует ремонта,2016
3500000,1,242000,автоматическая,чёрный,3.0,249,Дизель,18675,Не требует ремонта,2015
14000000,0,1,автоматическая,белый,3.0,298,Дизель,44700,Не требует ремонта,2023
9512345,1,49000,автоматическая,чёрный,3.0,249,Дизель,18675,Не требует ремонта,2021
2250000,1,191000,автоматическая,синий,4.8,355,Бензин,53250,Не требует ремонта,2007
8500000,1,102000,автоматическая,чёрный,3.0,340,Дизель,51000,Не требует ремонта,2020
2100000,1,258000,автоматическая,серый,3.0,245,Дизель,18375,Не требует ремонта,2012
1500000,1,329000,автоматическая,чёрный,3.0,218,Дизель,14170,Не требует ремонта,2004
10200000,1,20041,автоматическая,чёрный,3.0,249,Дизель,18675,Не требует ремонта,2021
5800000,1,84800,автоматическая,чёрный,3.0,313,Дизель,46950,Не требует ремонта,2018
2650000,1,191325,автоматическая,чёрный,3.0,235,Дизель,17625,Не требует ремонта,2009
2000000,1,290000,автоматическая,чёрный,3.0,286,Дизель,42900,Не требует ремонта,2009
4800000,1,151000,автоматическая,белый,3.0,381,Дизель,57150,Не требует ремонта,2015
2650000,1,150399,автоматическая,белый,3.0,306,Бензин,45900,Не требует ремонта,2013
3500000,1,116300,автоматическая,чёрный,3.0,306,Бензин,45900,Не требует ремонта,2015
4500000,1,260000,автоматическая,чёрный,3.0,313,Дизель,46950,Не требует ремонта,2017
4780000,1,151000,автоматическая,чёрный,3.0,313,Дизель,46950,Не требует ремонта,2018
4490000,1,137700,автоматическая,чёрный,3.0,381,Дизель,57150,Не требует ремонта,2016
3200000,1,190000,автоматическая,чёрный,3.0,286,Дизель,42900,Не требует ремонта,2009
7490000,1,98000,автоматическая,чёрный,3.0,249,Дизель,18675,Не требует ремонта,2020
8500000,1,72000,автоматическая,синий,3.0,249,Дизель,18675,Не требует ремонта,2021
7890000,1,127000,автоматическая,чёрный,3.0,249,Дизель,18675,Не требует ремонта,2020
5500000,1,101070,автоматическая,чёрный,3.0,313,Дизель,46950,Не требует ремонта,2015
3800000,1,230000,автоматическая,серебристый,3.0,313,Дизель,46950,Не требует ремонта,2015
3888888,1,82000,автоматическая,чёрный,4.4,407,Бензин,61050,Не требует ремонта,2011
5600000,1,176816,автоматическая,чёрный,3.0,381,Дизель,57150,Не требует ремонта,2017
1950000,1,242000,автоматическая,чёрный,3.0,235,Дизель,17625,Не требует ремонта,2008
2100000,1,193000,автоматическая,коричневый,3.0,306,Бензин,45900,Не требует ремонта,2010
3998877,1,239000,автоматическая,чёрный,2.0,231,Дизель,17325,Не требует ремонта,2017
2650000,1,150399,автоматическая,белый,3.0,306,Бензин,45900,Не требует ремонта,2013
3450000,1,298000,автоматическая,чёрный,3.0,249,Дизель,18675,Не требует ремонта,2015
1600000,1,193000,автоматическая,белый,3.0,306,Бензин,45900,Не требует ремонта,2010
3999000,1,195000,автоматическая,чёрный,3.0,258,Дизель,38700,Не требует ремонта,2018
1800000,1,334000,автоматическая,чёрный,3.0,306,Бензин,45900,Не требует ремонта,2010
6900000,1,48000,автоматическая,серебристый,3.0,313,Дизель,46950,Не требует ремонта,2018
3100000,1,210000,автоматическая,чёрный,3.0,306,Дизель,45900,Не требует ремонта,2012
5300000,1,116000,автоматическая,серый,3.0,313,Дизель,46950,Не требует ремонта,2015
1599000,1,295000,автоматическая,зелёный,3.0,235,Дизель,17625,Не требует ремонта,2007
4000000,1,210000,автоматическая,коричневый,3.0,313,Дизель,46950,Не требует ремонта,2014
5100000,1,148000,автоматическая,серебристый,3.0,381,Дизель,57150,Не требует ремонта,2017
7600000,1,127136,автоматическая,чёрный,3.0,249,Дизель,18675,Не требует ремонта,2018
5200000,1,105000,автоматическая,чёрный,3.0,249,Дизель,18675,Не требует ремонта,2017
5600000,1,107000,автоматическая,белый,3.0,313,Дизель,46950,Не требует ремонта,2016
2800000,1,130000,автоматическая,чёрный,3.0,306,Бензин,45900,Не требует ремонта,2010
1300000,1,110000,автоматическая,серый,3.0,231,Бензин,17325,Не требует ремонта,2000
3319000,1,183000,автоматическая,чёрный,3.0,249,Дизель,18675,Не требует ремонта,2014
4700000,1,170000,автоматическая,чёрный,3.0,313,Дизель,46950,Не требует ремонта,2017
1600000,1,280000,автоматическая,серый,3.0,272,Бензин,40800,Не требует ремонта,2009
5200000,1,105000,автоматическая,чёрный,3.0,249,Дизель,18675,Не требует ремонта,2017
3319000,1,183000,автоматическая,чёрный,3.0,249,Дизель,18675,Не требует ремонта,2014
4700000,1,170000,автоматическая,чёрный,3.0,313,Дизель,46950,Не требует ремонта,2017
1600000,1,280000,автоматическая,серый,3.0,272,Бензин,40800,Не требует ремонта,2009
4500000,1,93000,автоматическая,белый,3.0,218,Дизель,14170,Не требует ремонта,2017
1770000,1,251000,автоматическая,чёрный,3.0,264,Бензин,39600,Не требует ремонта,2008
1550000,1,221000,автоматическая,чёрный,4.8,355,Бензин,53250,Не требует ремонта,2008
4450000,1,147200,автоматическая,серый,3.0,313,Дизель,46950,Не требует ремонта,2014
4600000,1,106000,автоматическая,белый,3.0,218,Дизель,14170,Не требует ремонта,2018
3990000,1,139000,автоматическая,коричневый,3.0,218,Дизель,14170,Не требует ремонта,2016
2400000,1,155000,автоматическая,белый,3.0,306,Дизель,45900,Не требует ремонта,2011
4500000,1,260000,автоматическая,чёрный,3.0,313,Дизель,46950,Не требует ремонта,2017
4500000,1,72000,автоматическая,чёрный,3.0,218,Дизель,14170,Не требует ремонта,2016
2200000,1,221000,автоматическая,чёрный,3.0,286,Дизель,42900,Не требует ремонта,2010
1865000,1,190000,автоматическая,чёрный,3.0,272,Бензин,40800,Не требует ремонта,2007
2900000,1,244114,автоматическая,коричневый,3.0,306,Дизель,45900,Не требует ремонта,2011
1670000,1,268000,автоматическая,золотистый,3.0,264,Бензин,39600,Не требует ремонта,2008
1500000,1,245000,автоматическая,коричневый,3.0,306,Бензин,45900,Не требует ремонта,2010
5650000,1,120053,автоматическая,синий,3.0,313,Дизель,46950,Не требует ремонта,2017
4000000,1,190000,автоматическая,синий,3.0,306,Бензин,45900,Не требует ремонта,2014
2500000,1,203405,автоматическая,чёрный,3.0,306,Бензин,45900,Не требует ремонта,2010
2200000,1,334000,автоматическая,серый,3.0,245,Дизель,18375,Не требует ремонта,2011
1000000,1,256500,автоматическая,серебристый,3.0,231,Бензин,17325,Не требует ремонта,2002
1450000,1,385000,автоматическая,чёрный,3.0,218,Дизель,14170,Не требует ремонта,2004
1999990,1,319000,автоматическая,серый,3.0,245,Дизель,18375,Не требует ремонта,2012
1999999,1,235000,автоматическая,белый,3.0,306,Бензин,45900,Не требует ремонта,2010
4150000,1,153773,автоматическая,белый,3.0,249,Дизель,18675,Не требует ремонта,2014
3990000,1,116700,автоматическая,синий,3.0,306,Бензин,45900,Не требует ремонта,2016
3390000,1,220000,автоматическая,чёрный,3.0,249,Дизель,18675,Не требует ремонта,2013
4290000,1,166900,автоматическая,чёрный,3.0,218,Дизель,14170,Не требует ремонта,2017
3300000,1,189000,автоматическая,синий,3.0,218,Дизель,14170,Не требует ремонта,2015
2850000,1,213000,автоматическая,коричневый,3.0,245,Дизель,18375,Не требует ремонта,2010
3500000,1,209000,автоматическая,коричневый,3.0,249,Дизель,18675,Не требует ремонта,2013
2450000,1,165000,автоматическая,серебристый,3.0,306,Бензин,45900,Не требует ремонта,2012
7950000,1,149000,автоматическая,чёрный,3.0,340,Бензин,51000,Не требует ремонта,2019
6200000,1,148000,автоматическая,серый,3.0,265,Дизель,39750,Не требует ремонта,2018
10490000,1,69000,автоматическая,чёрный,3.0,400,Дизель,60000,Не требует ремонта,2021
14490000,1,2400,автоматическая,чёрный,3.0,352,Дизель,52800,Не требует ремонта,2023
5100000,1,148000,автоматическая,серебристый,3.0,381,Дизель,57150,Не требует ремонта,2017
6700000,1,135000,автоматическая,белый,3.0,265,Дизель,39750,Не требует ремонта,2018
4599000,1,107000,автоматическая,белый,3.0,249,Дизель,18675,Не требует ремонта,2016
10500000,1,39000,автоматическая,белый,3.0,249,Дизель,18675,Не требует ремонта,2021
4600000,1,88000,автоматическая,серый,3.0,313,Дизель,46950,Не требует ремонта,2015
3500000,1,242000,автоматическая,чёрный,3.0,249,Дизель,18675,Не требует ремонта,2015
9512345,1,49000,автоматическая,чёрный,3.0,249,Дизель,18675,Не требует ремонта,2021
4500000,1,84500,автоматическая,серый,3.0,218,Дизель,14170,Не требует ремонта,2017
1500000,1,329000,автоматическая,чёрный,3.0,218,Дизель,14170,Не требует ремонта,2004
10200000,1,20041,автоматическая,чёрный,3.0,249,Дизель,18675,Не требует ремонта,2021
5800000,1,84800,автоматическая,чёрный,3.0,313,Дизель,46950,Не требует ремонта,2018
3500000,1,176000,автоматическая,серый,3.0,306,Бензин,45900,Не требует ремонта,2012
2650000,1,150399,автоматическая,белый,3.0,306,Бензин,45900,Не требует ремонта,2013
3500000,1,116300,автоматическая,чёрный,3.0,306,Бензин,45900,Не требует ремонта,2015
1590000,1,284000,автоматическая,белый,3.0,272,Бензин,40800,Не требует ремонта,2009
4500000,1,260000,автоматическая,чёрный,3.0,313,Дизель,46950,Не требует ремонта,2017
4490000,1,137700,автоматическая,чёрный,3.0,381,Дизель,57150,Не требует ремонта,2016
8500000,1,72000,автоматическая,синий,3.0,249,Дизель,18675,Не требует ремонта,2021
7150000,1,87000,автоматическая,чёрный,2.0,231,Дизель,17325,Не требует ремонта,2021
1460000,1,238750,автоматическая,серый,4.8,355,Бензин,53250,Не требует ремонта,2007
11990000,0,49,автоматическая,белый,3.0,298,Дизель,44700,Не требует ремонта,2023
12990000,0,43,автоматическая,белый,3.0,298,Дизель,44700,Не требует ремонта,2023
3850000,1,94000,автоматическая,серый,3.0,306,Бензин,45900,Не требует ремонта,2015
2900000,1,244114,автоматическая,коричневый,3.0,306,Дизель,45900,Не требует ремонта,2011
3800000,1,230000,автоматическая,серебристый,3.0,313,Дизель,46950,Не требует ремонта,2015
1950000,1,242000,автоматическая,чёрный,3.0,235,Дизель,17625,Не требует ремонта,2008
3999000,1,195000,автоматическая,чёрный,3.0,258,Дизель,38700,Не требует ремонта,2018
3100000,1,210000,автоматическая,чёрный,3.0,306,Дизель,45900,Не требует ремонта,2012
5100000,1,148000,автоматическая,серебристый,3.0,381,Дизель,57150,Не требует ремонта,2017
7600000,1,127136,автоматическая,чёрный,3.0,249,Дизель,18675,Не требует ремонта,2018
2800000,1,130000,автоматическая,чёрный,3.0,306,Бензин,45900,Не требует ремонта,2010
3319000,1,183000,автоматическая,чёрный,3.0,249,Дизель,18675,Не требует ремонта,2014
1590000,1,284000,автоматическая,белый,3.0,272,Бензин,40800,Не требует ремонта,2009
3500000,1,242000,автоматическая,чёрный,3.0,249,Дизель,18675,Не требует ремонта,2015
4500000,1,72000,автоматическая,чёрный,3.0,218,Дизель,14170,Не требует ремонта,2016
1865000,1,190000,автоматическая,чёрный,3.0,272,Бензин,40800,Не требует ремонта,2007
2900000,1,244114,автоматическая,коричневый,3.0,306,Дизель,45900,Не требует ремонта,2011
4000000,1,190000,автоматическая,синий,3.0,306,Бензин,45900,Не требует ремонта,2014
1450000,1,385000,автоматическая,чёрный,3.0,218,Дизель,14170,Не требует ремонта,2004
1999990,1,319000,автоматическая,серый,3.0,245,Дизель,18375,Не требует ремонта,2012
3390000,1,220000,автоматическая,чёрный,3.0,249,Дизель,18675,Не требует ремонта,2013
3300000,1,189000,автоматическая,синий,3.0,218,Дизель,14170,Не требует ремонта,2015
1750000,1,200000,автоматическая,серый,3.0,272,Бензин,40800,Не требует ремонта,2006
3000000,1,78000,автоматическая,чёрный,4.4,286,Бензин,42900,Не требует ремонта,2003
4870000,1,109000,автоматическая,чёрный,3.0,249,Дизель,18675,Не требует ремонта,2015
2450000,1,165000,автоматическая,серебристый,3.0,306,Бензин,45900,Не требует ремонта,2012
2295000,1,286000,автоматическая,белый,3.0,245,Дизель,18375,Не требует ремонта,2011
4050000,1,242000,автоматическая,белый,3.0,313,Дизель,46950,Не требует ремонта,2015
5200000,1,87000,автоматическая,синий,3.0,306,Бензин,45900,Не требует ремонта,2014
2399000,1,308000,автоматическая,белый,3.0,245,Дизель,18375,Не требует ремонта,2010
3100000,1,229000,автоматическая,белый,3.0,306,Бензин,45900,Не требует ремонта,2014
2199999,1,250001,автоматическая,чёрный,3.0,245,Дизель,18375,Не требует ремонта,2011
2450000,1,350000,автоматическая,чёрный,3.0,235,Дизель,17625,Не требует ремонта,2009
3400000,1,230000,автоматическая,белый,3.0,306,Бензин,45900,Не требует ремонта,2014
2000000,1,205000,автоматическая,серый,3.0,272,Бензин,40800,Не требует ремонта,2008
1750000,1,310000,автоматическая,серый,3.0,235,Дизель,17625,Не требует ремонта,2007
1850000,1,289000,автоматическая,чёрный,4.8,355,Бензин,53250,Не требует ремонта,2007
2600000,1,183000,автоматическая,коричневый,3.0,306,Бензин,45900,Не требует ремонта,2011
1460000,1,238750,автоматическая,серый,4.8,355,Бензин,53250,Не требует ремонта,2007
2490000,1,199000,автоматическая,коричневый,3.0,306,Бензин,45900,Не требует ремонта,2010
2500000,1,312000,автоматическая,белый,3.0,235,Дизель,17625,Не требует ремонта,2009
2800000,1,199000,автоматическая,белый,3.0,245,Дизель,18375,Не требует ремонта,2011
3400000,1,263000,автоматическая,чёрный,3.0,306,Дизель,45900,Не требует ремонта,2010
3500000,1,176000,автоматическая,серый,3.0,306,Бензин,45900,Не требует ремонта,2012
1800000,1,250000,автоматическая,чёрный,3.0,272,Бензин,40800,Не требует ремонта,2008
1250000,1,390008,автоматическая,белый,2.9,184,Дизель,9200,Не требует ремонта,2000
2000000,1,317000,автоматическая,чёрный,3.0,306,Бензин,45900,Не требует ремонта,2011
4500000,1,99157,автоматическая,белый,3.0,306,Бензин,45900,Не требует ремонта,2015
2300000,1,304000,автоматическая,серый,3.0,306,Бензин,45900,Не требует ремонта,2010
2200000,1,399600,автоматическая,пурпурный,3.0,306,Бензин,45900,Не требует ремонта,2010
3700000,1,122000,автоматическая,чёрный,3.0,218,Дизель,14170,Не требует ремонта,2016
1500000,1,134800,автоматическая,чёрный,4.4,407,Бензин,61050,Не требует ремонта,2010
2250000,1,330000,автоматическая,серебристый,3.0,235,Дизель,17625,Не требует ремонта,2008
3900000,1,156000,автоматическая,чёрный,2.0,231,Дизель,17325,Не требует ремонта,2018
2100000,1,210000,автоматическая,серебристый,3.0,269,Дизель,40350,Не требует ремонта,2011
2070000,1,257000,автоматическая,серебристый,3.0,269,Дизель,40350,Не требует ремонта,2010
4300000,1,142500,автоматическая,чёрный,3.0,249,Дизель,18675,Не требует ремонта,2015
1790000,1,430000,автоматическая,чёрный,3.0,286,Дизель,42900,Не требует ремонта,2008
7499000,1,33121,автоматическая,синий,2.0,231,Дизель,17325,Не требует ремонта,2021
1500000,1,292000,автоматическая,серый,3.0,264,Бензин,39600,Не требует ремонта,2007
1750000,1,240000,автоматическая,чёрный,3.0,235,Дизель,17625,Не требует ремонта,2008
7950000,1,92000,автоматическая,чёрный,3.0,400,Дизель,60000,Не требует ремонта,2020
2300000,1,420000,автоматическая,чёрный,3.0,245,Дизель,18375,Не требует ремонта,2010
1790000,1,157000,автоматическая,чёрный,3.0,272,Бензин,40800,Не требует ремонта,2008
2650000,1,166000,автоматическая,серый,3.0,245,Дизель,18375,Не требует ремонта,2011
1850000,1,155000,автоматическая,чёрный,3.0,272,Бензин,40800,Не требует ремонта,2009
1850000,1,238000,автоматическая,синий,3.0,235,Дизель,17625,Не требует ремонта,2007
3600000,1,160678,автоматическая,серый,3.0,218,Дизель,16350,Не требует ремонта,2016
4350000,1,223000,автоматическая,чёрный,3.0,249,Дизель,18675,Не требует ремонта,2015
1950000,1,445000,автоматическая,чёрный,3.0,235,Дизель,17625,Не требует ремонта,2009
2500000,1,183000,автоматическая,чёрный,3.0,306,Бензин,45900,Не требует ремонта,2010
3450000,1,153000,автоматическая,чёрный,3.0,249,Дизель,18675,Не требует ремонта,2014
7500000,1,70000,автоматическая,чёрный,3.0,400,Дизель,60000,Не требует ремонта,2019
1250000,1,424756,автоматическая,серый,3.0,218,Дизель,16350,Не требует ремонта,2004
1850000,1,363500,автоматическая,серый,3.0,211,Дизель,15825,Не требует ремонта,2008
2000000,1,219000,автоматическая,чёрный,3.0,235,Дизель,17625,Не требует ремонта,2009
1450000,1,259000,автоматическая,чёрный,3.0,231,Бензин,17325,Не требует ремонта,2005
4950000,1,146000,автоматическая,чёрный,3.0,313,Дизель,46950,Не требует ремонта,2018
2300000,1,165000,автоматическая,чёрный,3.0,306,Бензин,45900,Не требует ремонта,2013
4500000,1,135000,автоматическая,белый,3.0,249,Дизель,18675,Не требует ремонта,2017
5600000,1,105000,автоматическая,серый,3.0,340,Бензин,51000,Не требует ремонта,2018
1300000,1,185000,автоматическая,синий,3.0,231,Бензин,17325,Не требует ремонта,2003
9500000,1,68000,автоматическая,чёрный,3.0,249,Дизель,18675,Не требует ремонта,2021
1600000,1,290000,автоматическая,чёрный,3.0,272,Бензин,40800,Не требует ремонта,2008
850000,1,328652,автоматическая,серый,4.4,286,Бензин,42900,Не требует ремонта,2001
8000000,1,115000,автоматическая,белый,3.0,400,Дизель,60000,Не требует ремонта,2019
2350000,1,259000,автоматическая,чёрный,3.0,235,Дизель,17625,Не требует ремонта,2007
1250000,1,325000,автоматическая,чёрный,4.4,320,"Бензин, газобаллонное оборудование",48000,Не требует ремонта,2004
1650000,1,240000,автоматическая,серебристый,3.0,272,Бензин,40800,Не требует ремонта,2008
6200000,1,126000,автоматическая,серый,3.0,340,Бензин,51000,Не требует ремонта,2018
1400000,1,367000,автоматическая,белый,3.0,231,Бензин,17325,Не требует ремонта,2005
2500000,1,215000,автоматическая,серебристый,3.0,272,Бензин,40800,Не требует ремонта,2009
6370000,1,67800,автоматическая,чёрный,3.0,313,Дизель,46950,Не требует ремонта,2017
5950000,1,87000,автоматическая,серый,3.0,313,Дизель,46950,Не требует ремонта,2017
13350000,1,12200,автоматическая,чёрный,3.0,400,Дизель,60000,Не требует ремонта,2021
10700000,1,19670,автоматическая,чёрный,3.0,400,Дизель,60000,Не требует ремонта,2020
7500000,1,80800,автоматическая,серый,3.0,249,Дизель,18675,Не требует ремонта,2019
11850000,1,8100,автоматическая,белый,3.0,298,Дизель,44700,Не требует ремонта,2023
11250000,1,8000,автоматическая,серый,3.0,381,Бензин,57150,Не требует ремонта,2023
14590000,0,55,автоматическая,серый,3.0,298,Дизель,44700,Не требует ремонта,2023
10350000,1,10970,автоматическая,синий,3.0,249,Дизель,18675,Не требует ремонта,2021
1780000,1,128892,автоматическая,чёрный,3.0,306,Бензин,45900,Не требует ремонта,2010
7550000,1,102190,автоматическая,белый,3.0,400,Дизель,60000,Не требует ремонта,2019
5550000,1,69000,автоматическая,чёрный,3.0,340,Бензин,51000,Не требует ремонта,2019
1270000,1,184000,автоматическая,чёрный,4.8,360,Бензин,54000,Не требует ремонта,2006
6400000,1,90000,автоматическая,чёрный,3.0,265,Дизель,39750,Не требует ремонта,2019
7200000,1,37000,автоматическая,чёрный,3.0,249,Дизель,18675,Не требует ремонта,2019
1180000,1,373010,автоматическая,чёрный,3.0,218,Дизель,16350,Не требует ремонта,2005
1290000,1,278466,автоматическая,чёрный,3.0,231,Бензин,17325,Не требует ремонта,2004
4420000,1,163000,автоматическая,белый,3.0,249,Дизель,18675,Не требует ремонта,2018
9500000,1,45477,автоматическая,чёрный,3.0,249,Дизель,18675,Не требует ремонта,2020
8600000,1,58000,автоматическая,чёрный,3.0,340,Бензин,51000,Не требует ремонта,2021
4600000,1,152000,автоматическая,белый,3.0,313,Дизель,46950,Не требует ремонта,2017
7550000,1,102190,автоматическая,белый,3.0,400,Дизель,60000,Не требует ремонта,2019
6200000,1,167000,автоматическая,чёрный,3.0,400,Дизель,60000,Не требует ремонта,2018
4000000,1,140700,автоматическая,белый,3.0,313,Дизель,46950,Не требует ремонта,2014
6400000,1,90000,автоматическая,чёрный,3.0,265,Дизель,39750,Не требует ремонта,2019
5350000,1,79300,автоматическая,чёрный,3.0,249,Дизель,18675,Не требует ремонта,2017
6380000,1,129000,автоматическая,белый,3.0,265,Дизель,39750,Не требует ремонта,2019
1050000,1,253500,автоматическая,серый,3.0,231,Бензин,17325,Не требует ремонта,2003
2288000,1,150000,автоматическая,белый,3.0,306,Бензин,45900,Не требует ремонта,2012
1270000,1,184000,автоматическая,чёрный,4.8,360,Бензин,54000,Не требует ремонта,2006
2000000,1,270000,автоматическая,серый,4.4,320,Бензин,48000,Не требует ремонта,2005
4500000,1,93900,автоматическая,чёрный,3.0,306,Бензин,45900,Не требует ремонта,2017
8600000,1,58000,автоматическая,чёрный,3.0,340,Бензин,51000,Не требует ремонта,2021
3070000,1,334200,автоматическая,белый,3.0,286,Дизель,42900,Не требует ремонта,2009
1999999,1,215000,автоматическая,чёрный,3.0,286,Дизель,42900,Не требует ремонта,2010
1100000,1,517000,автоматическая,бежевый,3.0,231,Бензин,17325,Не требует ремонта,2005
4200000,1,187000,автоматическая,чёрный,3.0,313,Дизель,46950,Не требует ремонта,2016
600000,1,380000,автоматическая,красный,4.4,286,Бензин,42900,Не требует ремонта,2000
6590000,1,64450,автоматическая,чёрный,2.0,231,Дизель,16401,Не требует ремонта,2019
3300000,1,119055,автоматическая,белый,3.0,245,Дизель,18375,Не требует ремонта,2013
6300000,1,175000,автоматическая,белый,3.0,400,Дизель,60000,Не требует ремонта,2019
2000000,1,330000,автоматическая,серебристый,3.0,245,Дизель,18375,Не требует ремонта,2012
6990000,1,65880,автоматическая,серый,3.0,340,Бензин,51000,Не требует ремонта,2019
4600000,1,152000,автоматическая,белый,3.0,313,Дизель,46950,Не требует ремонта,2017
3350000,1,170000,автоматическая,чёрный,4.4,450,Бензин,67500,Не требует ремонта,2013
4500000,1,93900,автоматическая,чёрный,3.0,306,Бензин,45900,Не требует ремонта,2017
1500000,1,255043,автоматическая,чёрный,4.4,320,Бензин,48000,Не требует ремонта,2006
600000,1,380000,автоматическая,красный,4.4,286,Бензин,42900,Не требует ремонта,2000
4200000,1,187000,автоматическая,чёрный,3.0,313,Дизель,46950,Не требует ремонта,2016
3300000,1,177800,автоматическая,белый,3.0,218,Дизель,14170,Не требует ремонта,2014
6500000,1,116000,автоматическая,чёрный,3.0,249,Дизель,18675,Не требует ремонта,2018
1990000,1,220000,автоматическая,чёрный,3.0,306,Бензин,45900,Не требует ремонта,2010
3800000,1,195000,автоматическая,чёрный,3.0,249,Дизель,18675,Не требует ремонта,2015
2850000,1,105800,автоматическая,чёрный,3.0,245,Дизель,18375,Не требует ремонта,2011
2350000,1,160000,автоматическая,синий,3.0,306,Бензин,45900,Не требует ремонта,2011
4100000,1,133000,автоматическая,чёрный,3.0,313,Дизель,46950,Не требует ремонта,2015
3990000,1,164000,автоматическая,синий,3.0,218,Дизель,16350,Не требует ремонта,2017
3180000,1,198000,автоматическая,коричневый,3.0,218,Дизель,16350,Не требует ремонта,2015
930000,1,260600,автоматическая,серый,4.4,320,Бензин,48000,Не требует ремонта,2004
3050000,1,240000,автоматическая,чёрный,3.0,306,Бензин,45900,Не требует ремонта,2014
1600000,1,212000,автоматическая,серый,4.8,360,Бензин,54000,Не требует ремонта,2004
5400000,1,135000,автоматическая,чёрный,3.0,381,Дизель,57150,Не требует ремонта,2017
1615000,1,193000,автоматическая,красный,3.0,272,Бензин,40800,Не требует ремонта,2008
1650000,1,328000,механическая,чёрный,3.0,218,Дизель,16350,Не требует ремонта,2004
1900000,1,271000,автоматическая,чёрный,4.4,407,Бензин,61050,Не требует ремонта,2010
2850000,1,165000,автоматическая,красный,3.0,245,Дизель,18375,Не требует ремонта,2011
3450000,1,295000,автоматическая,чёрный,3.0,249,Дизель,18675,Не требует ремонта,2013
1300000,1,257463,автоматическая,чёрный,3.0,231,Бензин,17325,Не требует ремонта,2003
1100000,1,517000,автоматическая,бежевый,3.0,231,Бензин,17325,Не требует ремонта,2005
2000000,1,330000,автоматическая,серебристый,3.0,245,Дизель,18375,Не требует ремонта,2012
3400000,1,195000,автоматическая,коричневый,3.0,218,Дизель,16350,Не требует ремонта,2015
1500000,1,218000,автоматическая,серебристый,3.0,264,Бензин,31680,Не требует ремонта,2008
935000,1,386000,автоматическая,синий,4.4,286,Бензин,42900,Не требует ремонта,2000
4000000,1,140700,автоматическая,белый,3.0,313,Дизель,46950,Не требует ремонта,2014
2288000,1,150000,автоматическая,белый,3.0,306,Бензин,45900,Не требует ремонта,2012
1620000,1,237700,автоматическая,серый,3.0,272,Бензин,40800,Не требует ремонта,2008
4950000,1,218000,автоматическая,синий,3.0,381,Дизель,57150,Не требует ремонта,2016
1100000,1,285000,автоматическая,чёрный,4.4,286,Бензин,42900,Не требует ремонта,2001
1450000,1,400000,автоматическая,коричневый,3.0,218,Дизель,16350,Не требует ремонта,2004
1800000,1,220000,автоматическая,серый,3.0,272,Бензин,40800,Не требует ремонта,2009
2000000,1,270000,автоматическая,серый,4.4,320,Бензин,48000,Не требует ремонта,2005
2300000,1,205000,автоматическая,белый,3.0,306,Бензин,45900,Не требует ремонта,2013
1250000,1,342000,механическая,чёрный,3.0,231,Бензин,17325,Не требует ремонта,2001
4300000,1,178600,автоматическая,коричневый,3.0,218,Дизель,16350,Не требует ремонта,2017
1180000,1,340568,автоматическая,серый,3.0,231,Бензин,16170,Не требует ремонта,2005
900000,1,290000,автоматическая,чёрный,3.0,231,Бензин,17325,Не требует ремонта,2000
5000000,1,228000,автоматическая,чёрный,3.0,313,Дизель,46950,Не требует ремонта,2015
1400000,1,380000,автоматическая,чёрный,2.9,184,Дизель,9200,Не требует ремонта,2003
4500000,1,114000,автоматическая,чёрный,4.4,450,Бензин,67500,Не требует ремонта,2014
3560000,1,264580,автоматическая,коричневый,3.0,218,Дизель,16350,Не требует ремонта,2015
2250000,1,200000,автоматическая,чёрный,4.4,407,Бензин,61050,Не требует ремонта,2011
2250000,1,251000,автоматическая,серый,3.0,235,Дизель,17625,Не требует ремонта,2007
1200000,1,638000,автоматическая,серебристый,3.0,231,Бензин,17325,Не требует ремонта,2002
3070000,1,334200,автоматическая,белый,3.0,286,Дизель,42900,Не требует ремонта,2009
1950000,1,220272,автоматическая,бежевый,3.0,272,Бензин,40800,Не требует ремонта,2009
16060000,1,45389,автоматическая,серый,3.0,340,Дизель,51000,Не требует ремонта,2021
6200000,1,35000,автоматическая,чёрный,3.0,340,Бензин,51000,Не требует ремонта,2021
4850000,1,48000,автоматическая,чёрный,3.0,340,Бензин,51000,Не требует ремонта,2020
18120000,0,1,автоматическая,серый,3.0,352,Дизель,52800,Не требует ремонта,2023
21200000,0,1,автоматическая,синий,4.4,530,Бензин,79500,Не требует ремонта,2023
2500000,1,211458,автоматическая,белый,3.0,245,Дизель,18375,Не требует ремонта,2012
1950000,1,130000,автоматическая,чёрный,4.4,407,Бензин,61050,Не требует ремонта,2010
2780000,1,256000,автоматическая,белый,3.0,306,Бензин,45900,Не требует ремонта,2014
3900000,1,126000,автоматическая,белый,2.0,245,Гибрид,18375,Не требует ремонта,2016
5995000,1,159000,автоматическая,чёрный,3.0,340,Бензин,51000,Не требует ремонта,2019
4200000,1,180000,автоматическая,серый,3.0,381,Дизель,57150,Не требует ремонта,2017
1600000,1,202600,автоматическая,белый,4.8,355,Бензин,53250,Не требует ремонта,2009
2000000,1,156000,автоматическая,серый,3.0,306,Бензин,45900,Не требует ремонта,2010
2300000,1,270000,автоматическая,чёрный,3.0,286,Дизель,42900,Не требует ремонта,2008
5290000,1,52290,автоматическая,белый,3.0,249,Дизель,18675,Не требует ремонта,2017
3900000,1,123000,автоматическая,чёрный,3.0,218,Дизель,14170,Не требует ремонта,2015
4400000,1,211400,автоматическая,чёрный,3.0,313,Дизель,46950,Не требует ремонта,2016
10800000,1,57377,автоматическая,чёрный,4.4,530,Бензин,79500,Не требует ремонта,2021
13400000,1,35600,автоматическая,белый,3.0,400,Дизель,60000,Не требует ремонта,2020
10730000,1,32150,автоматическая,чёрный,3.0,249,Дизель,18675,Не требует ремонта,2021
2100000,1,219000,автоматическая,синий,3.0,306,Бензин,45900,Не требует ремонта,2011
1720000,1,131000,автоматическая,чёрный,3.0,272,Бензин,40800,Не требует ремонта,2006
1900000,1,260000,автоматическая,серый,3.0,272,Бензин,40800,Не требует ремонта,2007
2510000,1,230000,автоматическая,чёрный,4.8,355,Бензин,53250,Не требует ремонта,2009
2800000,1,214000,автоматическая,синий,3.0,306,Бензин,45900,Не требует ремонта,2012
1750000,1,350000,автоматическая,чёрный,3.0,286,Дизель,42900,Не требует ремонта,2008
1830000,1,370000,автоматическая,чёрный,3.0,286,Дизель,42900,Не требует ремонта,2008
2500000,1,240000,автоматическая,белый,3.0,306,Дизель,45900,Не требует ремонта,2011
2130000,1,190000,автоматическая,коричневый,4.4,407,Бензин,61050,Не требует ремонта,2011
3100000,1,137240,автоматическая,чёрный,3.0,245,Дизель,18375,Не требует ремонта,2013
3350000,1,203000,автоматическая,чёрный,4.4,407,Бензин,61050,Не требует ремонта,2012
1830000,1,370000,автоматическая,чёрный,3.0,286,Дизель,42900,Не требует ремонта,2008
9249000,1,67000,автоматическая,синий,3.0,400,Дизель,60000,Не требует ремонта,2019
7380000,1,108000,автоматическая,чёрный,3.0,265,Дизель,39750,Не требует ремонта,2020
15200000,0,74,автоматическая,серый,3.0,298,Дизель,44700,Не требует ремонта,2023
7099000,1,80000,автоматическая,белый,3.0,286,Дизель,42900,Не требует ремонта,2020
7550000,1,84700,автоматическая,чёрный,3.0,400,Дизель,60000,Не требует ремонта,2020
11500000,1,20600,автоматическая,чёрный,3.0,340,Бензин,51000,Не требует ремонта,2021
7200000,1,84000,автоматическая,чёрный,3.0,400,Дизель,60000,Не требует ремонта,2019
5550000,1,86900,автоматическая,серый,3.0,340,Бензин,51000,Не требует ремонта,2019
6400000,1,84000,автоматическая,чёрный,3.0,400,Дизель,60000,Не требует ремонта,2020
6350000,1,82000,автоматическая,белый,3.0,340,Бензин,51000,Не требует ремонта,2019
14800000,0,5,автоматическая,белый,3.0,298,Дизель,44700,Не требует ремонта,2023
15800000,0,20,автоматическая,белый,3.0,298,Дизель,44700,Не требует ремонта,2023
14000000,0,14,автоматическая,чёрный,3.0,298,Дизель,44700,Не требует ремонта,2023
9775000,1,27500,автоматическая,чёрный,3.0,400,Дизель,60000,Не требует ремонта,2020
9975000,1,52500,автоматическая,чёрный,3.0,400,Дизель,60000,Не требует ремонта,2020
7500000,1,53000,автоматическая,чёрный,3.0,340,Бензин,51000,Не требует ремонта,2019
7895000,1,36800,автоматическая,синий,3.0,340,Бензин,51000,Не требует ремонта,2020
12990000,1,8900,автоматическая,белый,3.0,298,Дизель,44700,Не требует ремонта,2023
8549000,1,57000,автоматическая,чёрный,3.0,340,Дизель,51000,Не требует ремонта,2020
7795000,1,39000,автоматическая,белый,3.0,265,Дизель,39750,Не требует ремонта,2020
8899000,1,51500,автоматическая,серый,3.0,400,Дизель,60000,Не требует ремонта,2019
9499000,1,31097,автоматическая,белый,3.0,400,Дизель,60000,Не требует ремонта,2020
7050000,1,91000,автоматическая,серый,3.0,340,Дизель,51000,Не требует ремонта,2020
13650000,0,15,автоматическая,чёрный,3.0,298,Дизель,44700,Не требует ремонта,2023
7780000,1,67300,автоматическая,синий,3.0,400,Дизель,60000,Не требует ремонта,2020
5599000,1,72000,автоматическая,белый,3.0,340,Бензин,51000,Не требует ремонта,2020
7850000,1,52000,автоматическая,чёрный,3.0,340,Бензин,51000,Не требует ремонта,2019
6900000,1,150000,автоматическая,чёрный,3.0,400,Дизель,60000,Не требует ремонта,2018
1850000,1,228000,автоматическая,чёрный,4.8,355,"Бензин, газобаллонное оборудование",53250,Не требует ремонта,2008
1650000,1,200000,автоматическая,белый,3.0,272,Бензин,40800,Не требует ремонта,2008
630000,1,250000,автоматическая,золотистый,3.0,231,"Бензин, газобаллонное оборудование",17325,Не требует ремонта,2002
7500000,1,94000,автоматическая,синий,3.0,249,Дизель,18675,Не требует ремонта,2020
1490000,1,199800,автоматическая,чёрный,3.0,272,Бензин,40800,Не требует ремонта,2007
4089000,1,151300,автоматическая,коричневый,3.0,306,Бензин,45900,Не требует ремонта,2014
